class,acc_Δ,t2i_Δ,i2t_Δ
T-shirt/top,0.15476190476190477,0.0,0.22023809523809523
Trouser,0.0505050505050505,0.0,0.813131313131313
Pullover,0.6233183856502242,0.0,0.0
Dress,0.3316582914572864,1.0,0.3919597989949749
Coat,0.3602150537634408,1.0,0.564516129032258
Sandal,0.2559241706161137,1.0,0.9383886255924171
Shirt,-0.03535353535353536,1.0,0.5656565656565656
Sneaker,0.00952380952380949,1.0,-0.09523809523809523
Bag,0.08376963350785349,0.0,0.1518324607329843
Ankle boot,0.1527777777777778,0.0,0.21759259259259256
