class_id,class_name,n,acc,f1,t2i_p1,i2t_t1,tag
0,T-shirt/top,168,0.7857142857142857,0.088,0.0,0.7857142857142857,B
1,Trouser,198,0.9747474747474747,0.09872122762148337,1.0,0.9747474747474747,B
2,Pullover,223,0.8475336322869955,0.09174757281553399,1.0,0.8475336322869955,B
3,Dress,199,0.8793969849246231,0.09358288770053476,1.0,0.8793969849246231,B
4,Coat,186,0.8064516129032258,0.08928571428571429,1.0,0.8064516129032258,B
5,Sandal,211,0.909952606635071,0.09528535980148883,1.0,0.909952606635071,B
6,Shirt,198,0.5757575757575758,0.07307692307692307,0.0,0.5757575757575758,B
7,Sneaker,210,0.9238095238095239,0.09603960396039604,1.0,0.9238095238095239,B
8,Bag,191,0.9790575916230366,0.09894179894179894,1.0,0.9790575916230366,B
9,Ankle boot,216,0.9212962962962963,0.09590361445783133,1.0,0.9212962962962963,B
