class,acc_zs,acc_a2,acc_b,delta_a2_b,delta_a2_zs
T-shirt/top,0.6011904761904762,0.8214285714285714,0.7857142857142857,0.0357142857142857,0.22023809523809523
Trouser,0.16161616161616163,0.9747474747474747,0.9747474747474747,0.0,0.813131313131313
Pullover,0.8789237668161435,0.8789237668161435,0.8475336322869955,0.03139013452914796,0.0
Dress,0.5025125628140703,0.8944723618090452,0.8793969849246231,0.015075376884422065,0.3919597989949749
Coat,0.23655913978494625,0.8010752688172043,0.8064516129032258,-0.005376344086021501,0.564516129032258
Sandal,0.0,0.9383886255924171,0.909952606635071,0.028436018957346043,0.9383886255924171
Shirt,0.025252525252525252,0.5909090909090909,0.5757575757575758,0.015151515151515138,0.5656565656565656
Sneaker,0.9809523809523809,0.8857142857142857,0.9238095238095239,-0.03809523809523818,-0.09523809523809523
Bag,0.8324607329842932,0.9842931937172775,0.9790575916230366,0.005235602094240899,0.1518324607329843
Ankle boot,0.7268518518518519,0.9444444444444444,0.9212962962962963,0.02314814814814814,0.21759259259259256
